{"stats":{"minecraft:custom":{"minecraft:interact_with_smithing_table":11,"minecraft:interact_with_furnace":11,"minecraft:mob_kills":5,"minecraft:interact_with_crafting_table":62,"minecraft:interact_with_campfire":24,"minecraft:leave_game":26,"minecraft:time_since_death":438,"minecraft:time_since_rest":461,"minecraft:sprint_one_cm":108001,"minecraft:damage_taken":156,"minecraft:walk_one_cm":284231,"minecraft:drop":1,"minecraft:damage_dealt":847,"minecraft:fly_one_cm":1072064,"minecraft:open_chest":13,"minecraft:crouch_one_cm":6805,"minecraft:play_time":259930,"minecraft:deaths":5,"minecraft:sneak_time":8129,"minecraft:jump":545,"minecraft:interact_with_smoker":12,"minecraft:total_world_time":414328,"minecraft:fall_one_cm":1081},"minecraft:crafted":{"minecraft:bread_leggings":1,"minecraft:bread_chestplate":1,"minecraft:bread_axe":4,"minecraft:bread_shovel":2,"minecraft:bread_hoe":4,"minecraft:easter_cake_blank":1,"minecraft:sprinkles":8,"minecraft:bread_with_concentred_milk":66,"minecraft:jeb_block":2,"minecraft:pressed_bread_upgrade":3,"minecraft:bread_pickaxe":2,"minecraft:concentred_milk":133,"minecraft:pressed_bread":3,"minecraft:milk_block":5,"minecraft:iron_hoe":1,"minecraft:bread_helmet":1,"minecraft:bread_boots":1,"minecraft:bread_sword":2},"minecraft:used":{"minecraft:jeb_block":9,"minecraft:emerald_ore":6,"minecraft:cherry_sapling":17,"minecraft:water_bucket":7,"minecraft:cow_spawn_egg":2,"minecraft:iron_ore":30,"minecraft:armor_stand":2,"minecraft:redstone_ore":37,"minecraft:infested_stone":706,"minecraft:redstone":21,"minecraft:bread_helmet":1,"minecraft:chest":4,"minecraft:stone":113,"minecraft:white_dye":48,"minecraft:spruce_sign":57,"minecraft:glow_ink_sac":48,"minecraft:spruce_fence_gate":2,"minecraft:gold_ore":16,"minecraft:iron_chestplate":1,"minecraft:soul_campfire":1,"minecraft:glow_item_frame":203,"minecraft:diamond_block":1,"minecraft:dirt":57,"minecraft:crafting_table":11,"minecraft:campfire":8,"minecraft:fire_coral":1,"minecraft:stone_brick_wall":11,"minecraft:painting":144,"minecraft:spruce_fence":14,"minecraft:spruce_log":50,"minecraft:smoker":6,"minecraft:oak_fence_gate":1,"minecraft:milk_bucket":1,"minecraft:redstone_torch":6,"minecraft:stone_brick_slab":551,"minecraft:lever":7,"minecraft:command_block":89,"minecraft:lantern":42,"minecraft:grass_block":173,"minecraft:barrier":876,"minecraft:stone_button":46,"minecraft:netherite_hoe":42,"minecraft:pressed_bread":6,"minecraft:cherry_sign":1,"minecraft:cherry_leaves":1,"minecraft:diamond_ore":19,"minecraft:stone_bricks":2319,"minecraft:item_frame":6,"minecraft:bedrock":1050,"minecraft:repeater":3,"minecraft:milk_block":20,"minecraft:tall_grass":5,"minecraft:written_book":45,"minecraft:furnace":7,"minecraft:smithing_table":1,"minecraft:chain_command_block":56,"minecraft:bread_sword":14,"minecraft:bone_meal":116},"minecraft:dropped":{"minecraft:spruce_sign":1},"minecraft:picked_up":{"minecraft:glow_ink_sac":1,"minecraft:gunpowder":6,"minecraft:lantern":3,"minecraft:bone":9,"minecraft:stone_bricks":9,"minecraft:bread_axe":1,"minecraft:concentred_milk":16,"minecraft:bucket":1,"minecraft:easter_cake":20,"minecraft:stick":1,"minecraft:milk_bucket":1,"minecraft:glow_item_frame":1,"minecraft:white_dye":1,"minecraft:easter_cake_blank":117,"minecraft:stone_button":5,"minecraft:spruce_log":1,"minecraft:sprinkles":4,"minecraft:arrow":7,"minecraft:command_block":1,"minecraft:rotten_flesh":7,"minecraft:lever":4,"minecraft:painting":1,"minecraft:cherry_sapling":1,"minecraft:spruce_sign":4,"minecraft:bread":9,"minecraft:coal":125},"minecraft:killed":{"minecraft:creeper":1,"minecraft:skeleton":2,"minecraft:zombie":2}},"DataVersion":4189}