{"stats":{"minecraft:dropped":{"minecraft:splash_potion":1},"minecraft:custom":{"minecraft:interact_with_furnace":2,"minecraft:inspect_dropper":24,"minecraft:mob_kills":32,"minecraft:interact_with_anvil":7,"minecraft:interact_with_crafting_table":30,"minecraft:leave_game":9,"minecraft:time_since_death":331,"minecraft:time_since_rest":356,"minecraft:sprint_one_cm":167284,"minecraft:damage_taken":6483,"minecraft:walk_one_cm":420400,"minecraft:drop":1,"minecraft:damage_dealt":3931,"minecraft:swim_one_cm":376,"minecraft:fly_one_cm":988393,"minecraft:open_chest":62,"minecraft:crouch_one_cm":23126,"minecraft:play_time":336113,"minecraft:deaths":12,"minecraft:sneak_time":12635,"minecraft:walk_under_water_one_cm":621,"minecraft:interact_with_lectern":36,"minecraft:aviate_one_cm":196252,"minecraft:jump":936,"minecraft:walk_on_water_one_cm":2422,"minecraft:interact_with_smoker":2,"minecraft:total_world_time":555956,"minecraft:fall_one_cm":51169},"minecraft:picked_up":{"minecraft:bread_with_concentred_milk":384,"minecraft:splash_potion":21,"minecraft:repeater":10,"minecraft:tripwire_hook":5,"minecraft:pale_oak_sign":3,"minecraft:structure_block":1,"minecraft:leather":11,"minecraft:dense_milk_block":580,"minecraft:dense_milk_button":194,"minecraft:milk":384,"minecraft:milk_block":384,"minecraft:oak_log":37,"minecraft:green_shulker_box":1,"minecraft:dirt":66,"minecraft:lantern":1,"minecraft:wooden_sword":3,"minecraft:item_frame":8,"minecraft:dense_milk_trapdoor":192,"minecraft:bread_axe":1,"minecraft:concentred_milk":384,"minecraft:beef":19,"minecraft:dense_milk_slab":192,"minecraft:easter_cake":384,"minecraft:written_book":16,"minecraft:bread_shovel":2,"minecraft:stick":4,"minecraft:raw_iron":33,"minecraft:dense_milk_sign":48,"minecraft:milk_bucket":2,"minecraft:glow_item_frame":2,"minecraft:dense_milk_stairs":192,"minecraft:bread_pickaxe":1,"minecraft:dense_milk_door":193,"minecraft:amethyst_shard":1,"minecraft:easter_cake_blank":384,"minecraft:stone_button":68,"minecraft:dense_milk_hanging_sign":48,"minecraft:redstone":8,"minecraft:sprinkles":384,"minecraft:dense_milk_fence":192,"minecraft:painting":77,"minecraft:bread":16,"minecraft:emerald":1,"minecraft:jeb_block":1,"minecraft:cobblestone":65},"minecraft:killed":{"minecraft:milk_zombie":25,"minecraft:cow":7},"minecraft:crafted":{"minecraft:oak_planks":12,"minecraft:jeb_block":1},"minecraft:mined":{"minecraft:iron_ore":33,"minecraft:fire":3,"minecraft:oak_log":37,"minecraft:dirt":66,"minecraft:stone":65},"minecraft:used":{"minecraft:jeb_block":12,"minecraft:knowledge_book":9,"minecraft:netherite_sword":13,"minecraft:dense_milk_block":1298,"minecraft:chiseled_bookshelf":5,"minecraft:dropper":10,"minecraft:milk":15,"minecraft:writable_book":11,"minecraft:dense_milk_button":6,"minecraft:flint_and_steel":1,"minecraft:armor_stand":1,"minecraft:redstone":89,"minecraft:oak_planks":5,"minecraft:chest":32,"minecraft:tinted_glass":5,"minecraft:dense_milk_slab":36,"minecraft:stone":861,"minecraft:brown_concrete":1,"minecraft:carved_dense_milk_wall":11,"minecraft:redstone_block":1,"minecraft:glow_ink_sac":67,"minecraft:calibrated_sculk_sensor":2,"minecraft:glow_item_frame":46,"minecraft:dense_milk_fence":11,"minecraft:pale_oak_sign":46,"minecraft:sprinkles":3,"minecraft:anvil":8,"minecraft:comparator":2,"minecraft:crafting_table":9,"minecraft:hopper":1,"minecraft:cobblestone_wall":5,"minecraft:campfire":2,"minecraft:carved_dense_milk_block":1079,"minecraft:painting":110,"minecraft:carved_dense_milk_slab":1,"minecraft:smoker":1,"minecraft:milk_bucket":2,"minecraft:obsidian":17,"minecraft:dense_milk_fence_gate":1,"minecraft:dense_milk_hanging_sign":7,"minecraft:sticky_piston":2,"minecraft:lever":1,"minecraft:honeycomb":42,"minecraft:firework_rocket":140,"minecraft:command_block":76,"minecraft:bread_pickaxe":98,"minecraft:lantern":6,"minecraft:string":53,"minecraft:stone_button":14,"minecraft:bread_hoe":2,"minecraft:lectern":4,"minecraft:lime_dye":67,"minecraft:bread_axe":37,"minecraft:bread_with_concentred_milk":1,"minecraft:barrel":1,"minecraft:dense_milk_sign":53,"minecraft:item_frame":158,"minecraft:bedrock":782,"minecraft:tripwire_hook":34,"minecraft:bread_shovel":66,"minecraft:golden_sword":6,"minecraft:diamond_sword":9,"minecraft:green_shulker_box":1,"minecraft:repeater":36,"minecraft:cobblestone":1,"minecraft:milk_block":9,"minecraft:written_book":8,"minecraft:furnace":1,"minecraft:chain_command_block":18,"minecraft:chain":65,"minecraft:dense_milk_door":13,"minecraft:trapped_chest":1,"minecraft:stripped_oak_log":8,"minecraft:bread_sword":40,"minecraft:splash_potion":43}},"DataVersion":4189}