{"stats":{"minecraft:dropped":{"minecraft:splash_potion":1},"minecraft:mined":{"minecraft:iron_ore":32,"minecraft:oak_log":32,"minecraft:dirt":32,"minecraft:stone":32},"minecraft:custom":{"minecraft:interact_with_furnace":2,"minecraft:inspect_dropper":10,"minecraft:interact_with_anvil":6,"minecraft:mob_kills":14,"minecraft:interact_with_crafting_table":15,"minecraft:leave_game":3,"minecraft:time_since_death":784,"minecraft:time_since_rest":808,"minecraft:sprint_one_cm":86502,"minecraft:walk_one_cm":316595,"minecraft:drop":1,"minecraft:damage_dealt":1953,"minecraft:fly_one_cm":515188,"minecraft:open_chest":47,"minecraft:crouch_one_cm":5878,"minecraft:play_time":205907,"minecraft:deaths":1,"minecraft:sneak_time":6127,"minecraft:interact_with_lectern":15,"minecraft:jump":448,"minecraft:total_world_time":419568,"minecraft:interact_with_smoker":2},"minecraft:used":{"minecraft:jeb_block":11,"minecraft:knowledge_book":7,"minecraft:dense_milk_block":1222,"minecraft:chiseled_bookshelf":5,"minecraft:netherite_sword":11,"minecraft:writable_book":11,"minecraft:milk":15,"minecraft:dropper":7,"minecraft:dense_milk_button":1,"minecraft:flint_and_steel":1,"minecraft:armor_stand":1,"minecraft:redstone":48,"minecraft:chest":28,"minecraft:tinted_glass":5,"minecraft:stone":847,"minecraft:dense_milk_slab":2,"minecraft:carved_dense_milk_wall":6,"minecraft:redstone_block":1,"minecraft:glow_ink_sac":38,"minecraft:calibrated_sculk_sensor":2,"minecraft:glow_item_frame":46,"minecraft:dense_milk_fence":11,"minecraft:pale_oak_sign":45,"minecraft:anvil":7,"minecraft:comparator":2,"minecraft:crafting_table":8,"minecraft:campfire":2,"minecraft:carved_dense_milk_block":1042,"minecraft:painting":110,"minecraft:carved_dense_milk_slab":1,"minecraft:smoker":1,"minecraft:milk_bucket":2,"minecraft:obsidian":17,"minecraft:dense_milk_fence_gate":1,"minecraft:dense_milk_hanging_sign":7,"minecraft:sticky_piston":2,"minecraft:lever":1,"minecraft:honeycomb":42,"minecraft:command_block":59,"minecraft:bread_pickaxe":64,"minecraft:lantern":6,"minecraft:string":52,"minecraft:stone_button":14,"minecraft:lectern":4,"minecraft:lime_dye":38,"minecraft:bread_axe":32,"minecraft:barrel":1,"minecraft:dense_milk_sign":7,"minecraft:item_frame":158,"minecraft:bedrock":624,"minecraft:golden_sword":6,"minecraft:bread_shovel":32,"minecraft:tripwire_hook":33,"minecraft:green_shulker_box":1,"minecraft:repeater":12,"minecraft:milk_block":7,"minecraft:written_book":7,"minecraft:furnace":1,"minecraft:chain_command_block":12,"minecraft:chain":65,"minecraft:dense_milk_door":12,"minecraft:trapped_chest":1,"minecraft:stripped_oak_log":8,"minecraft:bread_sword":26,"minecraft:splash_potion":42},"minecraft:picked_up":{"minecraft:bread_with_concentred_milk":384,"minecraft:splash_potion":1,"minecraft:repeater":1,"minecraft:structure_block":1,"minecraft:tripwire_hook":5,"minecraft:pale_oak_sign":2,"minecraft:leather":11,"minecraft:dense_milk_block":384,"minecraft:milk":384,"minecraft:milk_block":384,"minecraft:oak_log":32,"minecraft:green_shulker_box":1,"minecraft:dirt":32,"minecraft:lantern":1,"minecraft:wooden_sword":2,"minecraft:item_frame":8,"minecraft:concentred_milk":384,"minecraft:beef":19,"minecraft:easter_cake":384,"minecraft:bread_shovel":1,"minecraft:stick":4,"minecraft:raw_iron":32,"minecraft:glow_item_frame":2,"minecraft:amethyst_shard":1,"minecraft:easter_cake_blank":384,"minecraft:stone_button":67,"minecraft:sprinkles":384,"minecraft:redstone":3,"minecraft:painting":77,"minecraft:jeb_block":1,"minecraft:emerald":1,"minecraft:cobblestone":32},"minecraft:killed":{"minecraft:milk_zombie":7,"minecraft:cow":7},"minecraft:crafted":{"minecraft:jeb_block":1}},"DataVersion":4189}