{"stats":{"minecraft:mined":{"minecraft:iron_ore":33,"minecraft:fire":3,"minecraft:oak_log":37,"minecraft:dirt":66,"minecraft:stone":65},"minecraft:crafted":{"minecraft:oak_planks":12,"minecraft:jeb_block":1},"minecraft:custom":{"minecraft:interact_with_furnace":4,"minecraft:inspect_dropper":24,"minecraft:mob_kills":32,"minecraft:interact_with_anvil":7,"minecraft:interact_with_crafting_table":36,"minecraft:leave_game":10,"minecraft:time_since_death":647,"minecraft:time_since_rest":669,"minecraft:sprint_one_cm":291904,"minecraft:damage_taken":6483,"minecraft:walk_one_cm":555907,"minecraft:drop":2,"minecraft:damage_dealt":3931,"minecraft:swim_one_cm":376,"minecraft:fly_one_cm":1917767,"minecraft:open_chest":80,"minecraft:crouch_one_cm":291146,"minecraft:play_time":485082,"minecraft:deaths":14,"minecraft:sneak_time":16925,"minecraft:walk_under_water_one_cm":621,"minecraft:interact_with_lectern":36,"minecraft:aviate_one_cm":196252,"minecraft:jump":1326,"minecraft:walk_on_water_one_cm":2422,"minecraft:interact_with_smoker":6,"minecraft:total_world_time":743113,"minecraft:fall_one_cm":51169},"minecraft:killed":{"minecraft:milk_zombie":25,"minecraft:cow":7},"minecraft:picked_up":{"minecraft:bread_with_concentred_milk":1152,"minecraft:bread_helmet":6,"minecraft:splash_potion":21,"minecraft:repeater":10,"minecraft:tripwire_hook":5,"minecraft:pale_oak_sign":3,"minecraft:structure_block":1,"minecraft:leather":11,"minecraft:bread_chestplate":6,"minecraft:carved_dense_milk_stairs":384,"minecraft:dense_milk_block":1348,"minecraft:dense_milk_button":579,"minecraft:milk":1152,"minecraft:milk_block":1152,"minecraft:oak_log":37,"minecraft:green_shulker_box":1,"minecraft:carved_dense_milk_wall":384,"minecraft:dirt":66,"minecraft:lantern":1,"minecraft:wooden_sword":3,"minecraft:item_frame":10,"minecraft:dense_milk_pressure_plate":384,"minecraft:dense_milk_trapdoor":576,"minecraft:bread_axe":3,"minecraft:concentred_milk":768,"minecraft:carved_dense_milk_block":384,"minecraft:pressed_bread_upgrade":384,"minecraft:beef":19,"minecraft:easter_cake":768,"minecraft:dense_milk_slab":576,"minecraft:written_book":16,"minecraft:bread_shovel":4,"minecraft:stick":5,"minecraft:raw_iron":33,"minecraft:dense_milk_sign":149,"minecraft:milk_bucket":2,"minecraft:pressed_bread":384,"minecraft:glow_item_frame":2,"minecraft:bread_sword":4,"minecraft:dense_milk_stairs":576,"minecraft:bread_pickaxe":5,"minecraft:dense_milk_door":577,"minecraft:dense_milk_fence_gate":384,"minecraft:amethyst_shard":1,"minecraft:easter_cake_blank":768,"minecraft:stone_button":69,"minecraft:dense_milk_hanging_sign":144,"minecraft:bread_boots":6,"minecraft:redstone":8,"minecraft:sprinkles":768,"minecraft:dense_milk_fence":576,"minecraft:carved_dense_milk_slab":384,"minecraft:painting":77,"minecraft:emerald":1,"minecraft:bread":16,"minecraft:jeb_block":1,"minecraft:bread_leggings":6,"minecraft:cobblestone":65},"minecraft:used":{"minecraft:jeb_block":12,"minecraft:knowledge_book":9,"minecraft:cow_spawn_egg":25,"minecraft:netherite_sword":13,"minecraft:dense_milk_block":2367,"minecraft:chiseled_bookshelf":5,"minecraft:dropper":10,"minecraft:milk":15,"minecraft:writable_book":11,"minecraft:dense_milk_button":31,"minecraft:flint_and_steel":1,"minecraft:armor_stand":1,"minecraft:redstone":89,"minecraft:oak_planks":5,"minecraft:chest":72,"minecraft:tinted_glass":5,"minecraft:dense_milk_slab":36,"minecraft:stone":1478,"minecraft:brown_concrete":1,"minecraft:carved_dense_milk_wall":11,"minecraft:redstone_block":1,"minecraft:glow_ink_sac":92,"minecraft:calibrated_sculk_sensor":2,"minecraft:glow_item_frame":46,"minecraft:dense_milk_fence":50,"minecraft:pale_oak_sign":46,"minecraft:target":1,"minecraft:sprinkles":3,"minecraft:anvil":8,"minecraft:comparator":2,"minecraft:hopper":1,"minecraft:crafting_table":12,"minecraft:cobblestone_wall":5,"minecraft:campfire":5,"minecraft:carved_dense_milk_block":2238,"minecraft:painting":167,"minecraft:carved_dense_milk_slab":1,"minecraft:smoker":5,"minecraft:milk_bucket":2,"minecraft:obsidian":17,"minecraft:dense_milk_fence_gate":2,"minecraft:dense_milk_hanging_sign":7,"minecraft:sticky_piston":2,"minecraft:lever":1,"minecraft:honeycomb":42,"minecraft:firework_rocket":140,"minecraft:grass_block":83,"minecraft:command_block":96,"minecraft:bread_pickaxe":98,"minecraft:lantern":6,"minecraft:string":54,"minecraft:stone_button":14,"minecraft:bread_hoe":2,"minecraft:lectern":4,"minecraft:lime_dye":93,"minecraft:bread_axe":37,"minecraft:bread_with_concentred_milk":1,"minecraft:barrel":1,"minecraft:dense_milk_sign":100,"minecraft:item_frame":196,"minecraft:bedrock":1361,"minecraft:tripwire_hook":36,"minecraft:bread_shovel":66,"minecraft:golden_sword":6,"minecraft:diamond_sword":9,"minecraft:green_shulker_box":1,"minecraft:repeater":36,"minecraft:cobblestone":1,"minecraft:milk_block":20,"minecraft:written_book":11,"minecraft:furnace":6,"minecraft:chain_command_block":33,"minecraft:chain":65,"minecraft:dense_milk_door":15,"minecraft:trapped_chest":1,"minecraft:stripped_oak_log":14,"minecraft:bread_sword":40,"minecraft:splash_potion":43,"minecraft:carved_dense_milk_stairs":3},"minecraft:dropped":{"minecraft:dense_milk_sign":1,"minecraft:splash_potion":1}},"DataVersion":4189}