{"stats":{"minecraft:picked_up":{"minecraft:sculk_catalyst":1,"minecraft:milk_bucket":1,"minecraft:dense_milk_button":1,"minecraft:stone_button":4,"minecraft:lantern":1,"minecraft:item_frame":2,"minecraft:written_book":2,"minecraft:stick":2},"minecraft:killed":{"minecraft:milk_zombie":12,"minecraft:warden":1},"minecraft:custom":{"minecraft:time_since_rest":88121,"minecraft:sprint_one_cm":52316,"minecraft:inspect_dropper":1,"minecraft:damage_taken":148,"minecraft:walk_one_cm":55253,"minecraft:interact_with_anvil":1,"minecraft:mob_kills":13,"minecraft:drop":22,"minecraft:damage_dealt":7530,"minecraft:fly_one_cm":466489,"minecraft:open_chest":9,"minecraft:crouch_one_cm":2751,"minecraft:play_time":88121,"minecraft:sneak_time":2549,"minecraft:walk_under_water_one_cm":7,"minecraft:interact_with_lectern":4,"minecraft:jump":185,"minecraft:leave_game":2,"minecraft:walk_on_water_one_cm":830,"minecraft:time_since_death":88121,"minecraft:interact_with_smoker":1,"minecraft:total_world_time":88121,"minecraft:interact_with_furnace":1},"minecraft:dropped":{"minecraft:water_bucket":1,"minecraft:red_concrete":1,"minecraft:stone":1,"minecraft:milk_bucket":1,"minecraft:stone_button":4,"minecraft:sculk_catalyst":1,"minecraft:white_concrete":2,"minecraft:yellow_concrete":1,"minecraft:knowledge_book":1,"minecraft:bamboo_mosaic":1,"minecraft:dense_milk_trapdoor":1,"minecraft:black_concrete":1,"minecraft:bedrock":1,"minecraft:white_concrete_powder":1,"minecraft:light_blue_concrete":1,"minecraft:written_book":1,"minecraft:bucket":1,"minecraft:dense_milk_block":1},"minecraft:used":{"minecraft:liquid_milk_bucket":1,"minecraft:dense_milk_trapdoor":5,"minecraft:dense_milk_block":24,"minecraft:brown_terracotta":195,"minecraft:bamboo_mosaic":41,"minecraft:black_concrete":23,"minecraft:lava_bucket":1,"minecraft:lantern":1,"minecraft:red_concrete":105,"minecraft:stone_button":4,"minecraft:white_concrete_powder":3,"minecraft:stone":2,"minecraft:red_terracotta":24,"minecraft:brown_concrete":4,"minecraft:calibrated_sculk_sensor":6,"minecraft:item_frame":2,"minecraft:bedrock":11,"minecraft:pale_oak_sign":2,"minecraft:red_carpet":80,"minecraft:milk_block":3,"minecraft:terracotta":20,"minecraft:light_blue_concrete":11,"minecraft:written_book":6,"minecraft:yellow_concrete":11,"minecraft:bucket":4,"minecraft:dense_milk_door":9,"minecraft:carved_dense_milk_block":24,"minecraft:white_concrete":111,"minecraft:bread_sword":22,"minecraft:knowledge_book":11}},"DataVersion":4189}